"Longform","Shortform","ID","Frequency","Standard Div","Average","Suspicious"
"o hydrogen bonds between protonated and unprotonated ob atom","(O hydrogen bonds between protonated and unprotonated Ob atoms.)","10.1107/S160053681000228X","1","0.0","1.0","Yes"
"o mdash h.","(O mdash H...)","10.1107/S160053681000262X","10","0.0","10.0","Yes"
"o hydrogen bonding yields centrosymmetric dimer","(O hydrogen bonding yields centrosymmetric dimers.)","10.1107/S160053681000262X","1","0.0","1.0","Yes"
"o and n mdash h.","(O and N mdash H...)","10.1107/S1600536810001789","28","0.0","28.0","Yes"
"s hydrogen bond","(S hydrogen bonds.)","10.1107/S1600536810001789","3","0.0","3.0","Yes"
"n mdash h.","(N, N mdash H...)","10.1107/S1600536810001121","5","0.0","5.0","Yes"
"o and c mdash h.","(O and C mdash H...)","10.1107/S1600536810001121","38","0.0","38.0","Yes"
"o hydrogen bondin","(O hydrogen bonding.)","10.1107/S0108270199016923","5","0.0","5.0","Yes"
"hen egg-white lysozyme","(HEWL)","10.1107/S0907444904006559","1","0.0","1.0","No"
"small-angle neutron scattering","(SANS)","10.1107/S0021889811013343","2","0.5773502691896258","1.6666666666666667","No"
"static light scattering","(SLS)","10.1107/S0021889811013343","1","0.0","1.0","No"
"small-angle x-ray scattering","(SAXS)","10.1107/S0021889811013343","4","0.0","4.0","No"
"a core ndash shell model with a pep core and peo corona is fitted simultaneously to the saxs and sls data using the different contrasts of the two blocks for each techniqu","(A core ndash shell model with a PEP core and PEO corona is fitted simultaneously to the SAXS and SLS data using the different contrasts of the two blocks for each technique.)","10.1107/S0021889811013343","1","0.0","1.0","Yes"
"1694 ndash 1704] and inclusion of anisotropic displacement parameter","(19, 1694 ndash 1704] and inclusion of anisotropic displacement parameters.)","10.1107/S1600536807028164","1","0.0","1.0","Yes"
"o hydrogen bonds to form one-dimensional chains in the c directio","(O hydrogen bonds to form one-dimensional chains in the c direction.)","10.1107/S1600536807028619","1","0.0","1.0","Yes"
"o and o mdash h.","(O and O mdash H...)","10.1107/S1600536807029388","21","0.0","21.0","Yes"
"n hydrogen bonds link the molecule","(N hydrogen bonds link the molecules.)","10.1107/S1600536807029388","2","0.0","2.0","Yes"
"o hydrogen bon","(O hydrogen bond.)","10.1107/S1600536807029388","11","0.0","11.0","Yes"
"o hydrogen bond; intermolecular o mdash h.","(O hydrogen bond; intermolecular O mdash H...)","10.1107/S1600536807026657","1","0.0","1.0","Yes"
"n and c mdash h.","(N and C mdash H...)","10.1107/S1600536807026657","9","0.0","9.0","Yes"
"o hydrogen bonds link the molecules to form a three-dimensional framewor","(O hydrogen bonds link the molecules to form a three-dimensional framework.)","10.1107/S1600536807026657","1","0.0","1.0","Yes"
"nc nets","(N, T)","10.1107/S2053273314000631","1","0.0","1.0","Yes"
"a crystallographic twofold rotation axis passes through the zn atom and the n atoms of two trans-pyrazine ring","(A crystallographic twofold rotation axis passes through the Zn atom and the N atoms of two trans-pyrazine rings.)","10.1107/S1600536807028735","1","0.0","1.0","Yes"
"n mdash h.","(N, N mdash H...)","10.1107/S1600536807029030","5","0.0","5.0","Yes"
"s and c mdash h.","(S and C mdash H...)","10.1107/S1600536807029030","6","0.0","6.0","Yes"
"o and o mdash h.","(O and O mdash H...)","10.1107/S1600536807029297","21","0.0","21.0","Yes"
"n hydrogen-bond interactions connect cations and anions to form a one-dimensional chain along [010","(N hydrogen-bond interactions connect cations and anions to form a one-dimensional chain along [010].)","10.1107/S1600536807029297","1","0.0","1.0","Yes"
"a method is described for enantiomorphic space-group determination which depends upon a simple analysis of a single convergent-beam diffraction patter","(A method is described for enantiomorphic space-group determination which depends upon a simple analysis of a single convergent-beam diffraction pattern.)","10.1107/S056773947700237X","1","0.0","1.0","Yes"
"feline immunodeficiency virus","(FIV)","10.1107/S0907444900009197","1","0.0","1.0","No"
"o and n mdash h.","(O and N mdash H...)","10.1107/S1600536807049616","28","0.0","28.0","Yes"
"n hydrogen bonds into a complex three-dimensional framework structur","(N hydrogen bonds into a complex three-dimensional framework structure.)","10.1107/S1600536807049616","1","0.0","1.0","Yes"
"c mdash h.","(C mdash H...)","10.1107/S1600536807049616","8","0.0","8.0","Yes"
"n mdash h.","(N mdash H...)","10.1107/S1600536807052750","10","0.0","10.0","Yes"
"o hydrogen bonds link the molecules to form a one-dimensional chain parallel to the b axi","(O hydrogen bonds link the molecules to form a one-dimensional chain parallel to the b axis.)","10.1107/S1600536807052750","1","0.0","1.0","Yes"
"o mdash h.","(O mdash H...)","10.1107/S1600536807052750","10","0.0","10.0","Yes"
"n hydrogen bonds are intramolecular and do not participate in the packin","(N hydrogen bonds are intramolecular and do not participate in the packing.)","10.1107/S1600536807052750","1","0.0","1.0","Yes"
"o hydrogen bonds involving the protonated nh group of the cation and the hydroxyl group of the anio","(O hydrogen bonds involving the protonated NH group of the cation and the hydroxyl group of the anion.)","10.1107/S1600536807050787","1","0.0","1.0","Yes"
"o hydrogen bonds helps to establish the structur","(O hydrogen bonds helps to establish the structure.)","10.1107/S1600536807050416","1","0.0","1.0","Yes"
"o hydrogen bondin","(O hydrogen bonding.)","10.1107/S1600536807051719","5","0.0","5.0","Yes"
"n hydrogen bonds to form a zigzag chai","(N hydrogen bonds to form a zigzag chain.)","10.1107/S1600536807051847","1","0.0","1.0","Yes"
"o and c mdash h.","(O and C mdash H...)","10.1107/S1600536807051495","38","0.0","38.0","Yes"
"n hydrogen bonding causes the formation of a non-planar seven-membered rin","(N hydrogen bonding causes the formation of a non-planar seven-membered ring.)","10.1107/S1600536807052026","1","0.0","1.0","Yes"
"c10h10no)[sncl","(C6H4NO2)].)","10.1107/S1600536811001942","1","0.0","1.0","Yes"
"o hydrogen bon","(O hydrogen bond.)","10.1107/S1600536811001942","11","0.0","11.0","Yes"
"o contacts connect the molecules into infinite strands along the a axi","(O contacts connect the molecules into infinite strands along the a axis.)","10.1107/S1600536811001334","1","0.0","1.0","Yes"
"o hydrogen bonds held together in a network where urea molecules act as both hydrogen-bond donors and acceptor","(O hydrogen bonds held together in a network where urea molecules act as both hydrogen-bond donors and acceptors.)","10.1107/S0108270197012912","1","0.0","1.0","Yes"
"n mdash h.","(N mdash H...)","10.1107/S1600536811001243","10","0.0","10.0","Yes"
"o hydrogen bonds connect the chain","(O hydrogen bonds connect the chains.)","10.1107/S1600536811001243","1","0.0","1.0","Yes"
"which exhibit perceptible changes of the os mdash os bond parameters due to the ligand-substitution patter","(We report on these two phosphine-substituted complexes, which exhibit perceptible changes of the Os mdash Os bond parameters due to the ligand-substitution pattern.)","10.1107/S0108270100004571","1","0.0","1.0","Yes"
"n and n.","(N and N...)","10.1107/S160053681005422X","1","0.0","1.0","Yes"
"o and n mdash h.","(O and N mdash H...)","10.1107/S1600536810054371","28","0.0","28.0","Yes"
"o and weak c mdash h.","(O and weak C mdash H...)","10.1107/S1600536810054371","1","0.0","1.0","Yes"
"f angle of 147 deg","(F angle of 147 deg .)","10.1107/S0108270100005199","1","0.0","1.0","Yes"
"x interactions appear to play a significant role in determining the orientation of the methyl and carboxyl group","(X interactions appear to play a significant role in determining the orientation of the methyl and carboxyl groups.)","10.1107/S0108270100005199","1","0.0","1.0","Yes"
"s mdash h.","(S mdash H...)","10.1107/S0108270100005898","1","0.0","1.0","Yes"
"o hydrogen bonds link the molecules into chains along the b axi","(O hydrogen bonds link the molecules into chains along the b axis.)","10.1107/S1600536811000936","1","0.0","1.0","Yes"
"triosephosphate isomerase","(TIM)","10.1107/S0907444906046488","1","0.0","1.0","Yes"
"a novelty of the unliganded structure of mjtim is the complete absence of electron density for the loop 6 residue","(A novelty of the unliganded structure of MjTIM is the complete absence of electron density for the loop 6 residues.)","10.1107/S0907444906046488","1","0.0","1.0","Yes"
"a model involving only a small number of parameters provides a convenient way of interpreting diffraction patterns from mcm-41 material","(A model involving only a small number of parameters provides a convenient way of interpreting diffraction patterns from MCM-41 materials.)","10.1107/S0108767300009740","1","0.0","1.0","Yes"
"anharmonic nuclear motion","(ANM)","10.1107/S2052252514002838","1","0.0","1.0","No"
"a brief overview of cryomethods and their rationale is give","(A brief overview of cryomethods and their rationale is given.)","10.1107/S0907444905034207","1","0.0","1.0","Yes"
"hexadecaisoleucinomycin","(HEXIL)","10.1107/S0108767300009119","1","0.0","1.0","Yes"
"o and c mdash h.","(O and C mdash H...)","10.1107/S1600536810030631","38","0.0","38.0","Yes"
"o and c mdash h.","(O and C mdash H...)","10.1107/S1600536810030989","38","0.0","38.0","Yes"
"o hydrogen bonds with the cation","(O hydrogen bonds with the cations.)","10.1107/S1600536810030989","1","0.0","1.0","Yes"
"o and n mdash h.","(O and N mdash H...)","10.1107/S1600536810030989","28","0.0","28.0","Yes"
"n hydrogen bonds generate a layer parallel to the ab plan","(N hydrogen bonds generate a layer parallel to the ab plane.)","10.1107/S1600536810032915","1","0.0","1.0","Yes"
"o and owater mdash h.","(O and Owater mdash H...)","10.1107/S1600536810032915","1","0.0","1.0","Yes"
"o hydrogen bonds connecting the molecules into zigzag chains running along the b axi","(O hydrogen bonds connecting the molecules into zigzag chains running along the b axis.)","10.1107/S0108270106042211","1","0.0","1.0","Yes"
"o and o mdash h.","(O and O mdash H...)","10.1107/S1600536810030308","21","0.0","21.0","Yes"
"compound chloroquine","(CQ)","10.1107/S1600536810031144","1","0.0","1.0","Yes"
"o hydrogen bonds link the molecules into centrosymmetric dimer","(O hydrogen bonds link the molecules into centrosymmetric dimers.)","10.1107/S1600536810032320","2","0.0","2.0","Yes"
"o mdash h.","(O, O mdash H...)","10.1107/S1600536810032381","6","0.0","6.0","Yes"
"o and c mdash h.","(O and C mdash H...)","10.1107/S1600536810032381","38","0.0","38.0","Yes"
"o mdash h.","(O mdash H...)","10.1107/S1600536812014791","10","0.0","10.0","Yes"
"o mdash h.","(O mdash H...)","10.1107/S1600536812014523","10","0.0","10.0","Yes"
"o hydrogen bonds link the cations and anions into layers parallel to the ab plan","(O hydrogen bonds link the cations and anions into layers parallel to the ab plane.)","10.1107/S1600536811054535","1","0.0","1.0","Yes"
"o and n mdash h.","(O and N mdash H...)","10.1107/S0108270105008449","28","0.0","28.0","Yes"
"o hydrogen bonds between the cationic amino groups and the o atoms of the nitrate ion","(O hydrogen bonds between the cationic amino groups and the O atoms of the nitrate ions.)","10.1107/S1600536811051105","1","0.0","1.0","Yes"
"o interactions in the crystal structur","(O interactions in the crystal structure.)","10.1107/S1600536811051105","1","0.0","1.0","Yes"
"o and c mdash h.","(O and C mdash H...)","10.1107/S1600536802013740","38","0.0","38.0","Yes"
"a diffraction theory is developed for the model of ordered zones embedded in an otherwise disordered binary allo","(A diffraction theory is developed for the model of ordered zones embedded in an otherwise disordered binary alloy.)","10.1107/S0567739470000761","1","0.0","1.0","Yes"
"o hydrogen bon","(O hydrogen bond.)","10.1107/S1600536810031065","11","0.0","11.0","Yes"
"a new method for evaluating slit-smeared small-angle scattering data is discusse","(A new method for evaluating slit-smeared small-angle scattering data is discussed.)","10.1107/S0567739470000888","1","0.0","1.0","Yes"
"o and n mdash h.","(O and N mdash H...)","10.1107/S1600536812020089","28","0.0","28.0","Yes"
"o hydrogen bonds are observe","(O hydrogen bonds are observed.)","10.1107/S1600536812020089","1","0.0","1.0","Yes"
"o mdash h.","(O mdash H...)","10.1107/S1600536812020259","10","0.0","10.0","Yes"
"o hydrogen bonds between the coordinating water molecules and the carboxylate groups of the l ligand as well as interchain s.","(O hydrogen bonds between the coordinating water molecules and the carboxylate groups of the L ligand as well as interchain S...)","10.1107/S1600536812020259","1","0.0","1.0","Yes"
"o hydrogen bonds link molecules into chains parallel to the c axi","(O hydrogen bonds link molecules into chains parallel to the c axis.)","10.1107/S1600536812023495","1","0.0","1.0","Yes"
"o and n mdash h.","(O and N mdash H...)","10.1107/S1600536811019209","28","0.0","28.0","Yes"
"o hydrogen-bonding interactions stabilize the crystal structur","(O hydrogen-bonding interactions stabilize the crystal structure.)","10.1107/S1600536811019209","1","0.0","1.0","Yes"
"o mdash h.","(O, O mdash H...)","10.1107/S1600536812023732","6","0.0","6.0","Yes"
"n and n mdash h.","(N and N mdash H...)","10.1107/S1600536812023732","8","0.0","8.0","Yes"
"o hydrogen bonds lead to the formation of a three-dimensional architectur","(O hydrogen bonds lead to the formation of a three-dimensional architecture.)","10.1107/S1600536812023732","1","0.0","1.0","Yes"
"o and o mdash h.","(O and O mdash H...)","10.1107/S1600536812018806","21","0.0","21.0","Yes"
"s hydrogen bonds connect the molecules into chains running diagonally across the bc plan","(S hydrogen bonds connect the molecules into chains running diagonally across the bc plane.)","10.1107/S1600536812018806","1","0.0","1.0","Yes"
"c mdash h.","(C mdash H...)","10.1107/S1600536812018806","8","0.0","8.0","Yes"
"s and c mdash h.","(S and C mdash H...)","10.1107/S1600536812018806","6","0.0","6.0","Yes"
"a comment is published on the article microfibrillar structure of type i collagen in situ by orgel et a","(A comment is published on the article Microfibrillar structure of type I collagen in situ by Orgel et al.)","10.1107/S0907444909023051","1","0.0","1.0","Yes"
"o hydrogen bonds into [001] chain","(O hydrogen bonds into [001] chains.)","10.1107/S1600536812022258","1","0.0","1.0","Yes"
"o hydrogen bonds into layers lying parallel to bc plan","(O hydrogen bonds into layers lying parallel to bc plane.)","10.1107/S1600536812022258","1","0.0","1.0","Yes"
"n hydrogen bonds link the cations into chains parallel to the c axi","(N hydrogen bonds link the cations into chains parallel to the c axis.)","10.1107/S160053681201358X","1","0.0","1.0","Yes"
"noncrystallographic symmetry","(NCS)","10.1107/S0907444911050712","3","1.0","2.5","Yes"
"o and c mdash h.","(O and C mdash H...)","10.1107/S1600536812015450","38","0.0","38.0","Yes"
"coordinate [m","(CN)","10.1107/S1600536813002985","1","0.0","1.0","Yes"
"o and o mdash h.","(O and O mdash H...)","10.1107/S1600536813002985","21","0.0","21.0","Yes"
"consolidating the formation of a three-dimensional supramolecular structur","(Cl interactions present, consolidating the formation of a three-dimensional supramolecular structure.)","10.1107/S160053681300425X","1","0.0","1.0","Yes"
"o and n mdash h.","(O and N mdash H...)","10.1107/S1600536812016959","28","0.0","28.0","Yes"
"n mdash h.","(N mdash H...)","10.1107/S1600536812016194","10","0.0","10.0","Yes"
"o and c mdash h.","(O and C mdash H...)","10.1107/S1600536812018193","38","0.0","38.0","Yes"
"n interactions into sheets lying parallel to the ac plan","(N interactions into sheets lying parallel to the ac plane.)","10.1107/S1600536812018193","1","0.0","1.0","Yes"
"s interaction occur","(S interaction occurs.)","10.1107/S1600536812017953","1","0.0","1.0","Yes"
"o hydrogen bonds link the molecules into dimers which are linked via n mdash h.","(O hydrogen bonds link the molecules into dimers which are linked via N mdash H...)","10.1107/S1600536812016935","1","0.0","1.0","Yes"
"energy-dispersive","(ED)","10.1107/S0021889890011153","1","0.0","1.0","No"
"a reliable method for the determination of bulk-solvent model parameters and an overall anisotropic scale factor is of increasing importance as structure determination becomes more automate","(A reliable method for the determination of bulk-solvent model parameters and an overall anisotropic scale factor is of increasing importance as structure determination becomes more automated.)","10.1107/S0907444905007894","1","0.0","1.0","Yes"
"though for this demonstration the lattice parameter of tungsten is determined in terms of the srm 640b silicon standar","(The method is general, though for this demonstration the lattice parameter of tungsten is determined in terms of the SRM 640b silicon standard.)","10.1107/S0021889890013097","1","0.0","1.0","Yes"
"pair distribution function","(PDF)","10.1107/S0021889803026670","4","0.0","4.0","No"
"convergent-beam electron diffraction","(CBED)","10.1107/S010876731003446X","2","0.5773502691896258","1.6666666666666667","No"
"coincidence site lattice","(CSL)","10.1107/S0021889890010822","1","0.0","1.0","No"
"o hydrogen-bond interactions involving both the coordinated and uncoordinated water molecule","(O hydrogen-bond interactions involving both the coordinated and uncoordinated water molecules.)","10.1107/S1600536811022756","1","0.0","1.0","Yes"
"o hydrogen-bond interactions help to consolidate the coordination laye","(O hydrogen-bond interactions help to consolidate the coordination layer.)","10.1107/S1600536811024512","1","0.0","1.0","Yes"
"o and c ndash h.","(O and C ndash H...)","10.1107/S1600536812051811","1","0.0","1.0","Yes"
"n hydrogen bonds and c mdash h.","(N hydrogen bonds and C mdash H...)","10.1107/S1600536812051811","3","0.0","3.0","Yes"
"o hydrogen bonds link the molecules into columns in direction [100","(O hydrogen bonds link the molecules into columns in direction [100].)","10.1107/S1600536812051938","1","0.0","1.0","Yes"
"o hydrogen bonding into chains along the a axi","(O hydrogen bonding into chains along the a axis.)","10.1107/S1600536811023609","1","0.0","1.0","Yes"
"s hydrogen bond","(S hydrogen bonds.)","10.1107/S1600536811020459","3","0.0","3.0","Yes"
"n hydrogen bonds stabilizing the crystal structur","(N hydrogen bonds stabilizing the crystal structure.)","10.1107/S1600536811020459","1","0.0","1.0","Yes"
"o mdash h.","(O mdash H...)","10.1107/S1600536813000354","10","0.0","10.0","Yes"
"o and amine ndash hydroxymethyl n mdash h.","(O and amine ndash hydroxymethyl N mdash H...)","10.1107/S1600536813000354","1","0.0","1.0","Yes"
"o hydrogen bonds form infinite chains along the b axi","(O hydrogen bonds form infinite chains along the b axis.)","10.1107/S1600536813000354","1","0.0","1.0","Yes"
"o and phenol ndash phenol o mdash h.","(O and phenol ndash phenol O mdash H...)","10.1107/S1600536813000354","1","0.0","1.0","Yes"
"s and c mdash h.","(S and C mdash H...)","10.1107/S1600536811021684","6","0.0","6.0","Yes"
"o and o mdash h.","(O and O mdash H...)","10.1107/S1600536811025098","21","0.0","21.0","Yes"
"o hydrogen bonds are also observe","(O hydrogen bonds are also observed.)","10.1107/S1600536811025098","1","0.0","1.0","Yes"
"a theory of the double kink on a dislocation that is free of the disadvantages of previous models has been develope","(A theory of the double kink on a dislocation that is free of the disadvantages of previous models has been developed.)","10.1107/S0108767392008365","1","0.0","1.0","Yes"
"o mdash h.","(O mdash H...)","10.1107/S1600536809030281","10","0.0","10.0","Yes"
"o contacts occur within the catio","(O contacts occur within the cation.)","10.1107/S1600536809030724","1","0.0","1.0","Yes"
"o interaction links the cation","(O interaction links the cations.)","10.1107/S1600536809030724","1","0.0","1.0","Yes"
"o and n mdash h.","(O and N mdash H...)","10.1107/S1600536809030037","28","0.0","28.0","Yes"
"s hydrogen bondin","(S hydrogen bonding.)","10.1107/S1600536809030037","1","0.0","1.0","Yes"
"x-ray reflectivity is a powerful technique to study electron density profiles in the direction normal to the surface of a fiat sampl","(X-ray reflectivity is a powerful technique to study electron density profiles in the direction normal to the surface of a fiat sample.)","10.1107/S0108767392013126","1","0.0","1.0","Yes"
"n and c mdash h.","(N and C mdash H...)","10.1107/S1600536806001978","9","0.0","9.0","Yes"
"n that form unary through ternary levels of graph-set interaction","(N that form unary through ternary levels of graph-set interactions.)","10.1107/S010827011000572X","1","0.0","1.0","Yes"
"dimethylformamide/pocl3 and then aqueous naoh produces 2","(diformylmethylidene)-2,3-dihydro-3,3-dimethylindole, C13H13NO2.)","10.1107/S1600536806002261","1","0.0","1.0","Yes"
"i cells of the composition au2cu6","(I cells of the composition Au2Cu6).)","10.1107/S0108767392005841","1","0.0","1.0","Yes"
"a two- and three-dimensional simulation using different combination probabilities and structure variants allows a quantitative description of the real configuration of the aucu3 structure at different temperatures to be mad","(A two- and three-dimensional simulation using different combination probabilities and structure variants allows a quantitative description of the real configuration of the AuCu3 structure at different temperatures to be made.)","10.1107/S0108767392005841","1","0.0","1.0","Yes"
"o hydrogen bonds in the crystal structure and a chain of molecules is formed along the c axis via these hydrogen bond","(O hydrogen bonds in the crystal structure and a chain of molecules is formed along the c axis via these hydrogen bonds.)","10.1107/S1600536805042960","1","0.0","1.0","Yes"
"o and c mdash h.","(O and C mdash H...)","10.1107/S0108270110024601","38","0.0","38.0","Yes"
"a total of 27 systems containing the dnpo molecule and forming molecular complexes of an organic nature were analysed and compared with the structural characteristics of the dioxide reported her","(A total of 27 systems containing the DNPO molecule and forming molecular complexes of an organic nature were analysed and compared with the structural characteristics of the dioxide reported here.)","10.1107/S0108270110024601","1","0.0","1.0","Yes"
"density functional theory","(DFT)","10.1107/S0108270110024601","2","0.0","2.0","No"
"a variant of sthsp14.0 was crystallized by the sitting-drop vapour-diffusion metho","(A variant of StHsp14.0 was crystallized by the sitting-drop vapour-diffusion method.)","10.1107/S1744309109032540","1","0.0","1.0","Yes"
"s contacts between neighbouring anions and c mdash h.","(S contacts between neighbouring anions and C mdash H...)","10.1107/S160053680600016X","1","0.0","1.0","Yes"
"a cysteine residue was introduced at several different positions and a152c was found to achieve maximum specific cross-linking efficienc","(A cysteine residue was introduced at several different positions and A152C was found to achieve maximum specific cross-linking efficiency.)","10.1107/S1744309110051110","1","0.0","1.0","Yes"
"o hydrogen-bond patterns and molecules are arranged to define an interesting motif along the b axi","(O hydrogen-bond patterns and molecules are arranged to define an interesting motif along the b axis.)","10.1107/S1600536812029777","1","0.0","1.0","Yes"
"it was observed that the use of mpd as a cryoprotectant induced a significant reduction in the unit-cell volume compared with glycerol or sucros","(In both cases, it was observed that the use of MPD as a cryoprotectant induced a significant reduction in the unit-cell volume compared with glycerol or sucrose.)","10.1107/S0907444900014104","1","0.0","1.0","Yes"
"o and o mdash h.","(O and O mdash H...)","10.1107/S1600536812031789","21","0.0","21.0","Yes"
"o types exist in the structur","(O types exist in the structure.)","10.1107/S1600536812031789","1","0.0","1.0","Yes"
"an example is presented together with an extended record of use to evaluate the method in a practical settin","(After a full description of the method, an example is presented together with an extended record of use to evaluate the method in a practical setting.)","10.1107/S0909049508030859","1","0.0","1.0","Yes"
"n and o mdash h.","(N and O mdash H...)","10.1107/S1600536812032618","6","0.0","6.0","Yes"
"phosphate","(PAP)","10.1107/S1399004714021245","1","0.0","1.0","Yes"
"to the abc ring system of paclitaxel","(TaxolTM).)","10.1107/S0108270197007531","1","0.0","1.0","Yes"
"o and n mdash h.","(O and N mdash H...)","10.1107/S1600536804015806","28","0.0","28.0","Yes"
"2 thetas 0|","(2 thetas 0|].)","10.1107/S0021889888014803","1","0.0","1.0","Yes"
"o contacts occur in the molecul","(O contacts occur in the molecule.)","10.1107/S1600536809031109","1","0.0","1.0","Yes"
"n and o mdash h.","(N and O mdash H...)","10.1107/S1600536809033315","6","0.0","6.0","Yes"
"o hydrogen bond helps to establish the conformatio","(O hydrogen bond helps to establish the conformation.)","10.1107/S1600536809033662","1","0.0","1.0","Yes"
"o hydrogen bonds link the molecule","(O hydrogen bonds link the molecules.)","10.1107/S1600536809033662","1","0.0","1.0","Yes"
"n hydrogen bonds connect the molecules into a zigzag chain propagating in [100","(N hydrogen bonds connect the molecules into a zigzag chain propagating in [100].)","10.1107/S1600536809033480","1","0.0","1.0","Yes"
"o distance of 2.5760 emsp","(O distance of 2.5760 emsp14)","10.1107/S0108270103025903","1","0.0","1.0","Yes"
"o hydrogen bonds and c mdash h.","(O hydrogen bonds and C mdash H...)","10.1107/S1600536806019015","3","0.0","3.0","Yes"
"a micrometer-resolution xnfs detector with a high numerical aperture microscope objective has been built and its capability for studying static structures and dynamics at longer length scales than traditional far-field x-ray scattering techniques is demonstrate","(A micrometer-resolution XNFS detector with a high numerical aperture microscope objective has been built and its capability for studying static structures and dynamics at longer length scales than traditional far-field X-ray scattering techniques is demonstrated.)","10.1107/S0909049511037149","1","0.0","1.0","Yes"
"o and o mdash h.","(O and O mdash H...)","10.1107/S1600536806015121","21","0.0","21.0","Yes"
"n interactions and weak c mdash h.","(N interactions and weak C mdash H...)","10.1107/S1600536806015121","1","0.0","1.0","Yes"
"n mdash h.","(N, N mdash H...)","10.1107/S1600536812003807","5","0.0","5.0","Yes"
"o mdash h.","(O, O mdash H...)","10.1107/S1600536812003807","6","0.0","6.0","Yes"
"o and o mdash h.","(O and O mdash H...)","10.1107/S1600536812003807","21","0.0","21.0","Yes"
"o hydrogen bonds which link molecules into a three-dimensional networ","(O hydrogen bonds which link molecules into a three-dimensional network.)","10.1107/S1600536812004412","1","0.0","1.0","Yes"
"n hydrogen bonds are observed in the molecul","(N hydrogen bonds are observed in the molecule.)","10.1107/S1600536812005156","1","0.0","1.0","Yes"
"o interactions also occu","(O interactions also occur.)","10.1107/S1600536812005156","1","0.0","1.0","Yes"
"interferometers the beam splitter was a thin metal foil containing micrometer pinholes to divide the incident x-ray wave into two coherent wave","(In both interferometers the beam splitter was a thin metal foil containing micrometer pinholes to divide the incident X-ray wave into two coherent waves.)","10.1107/S0909049503029169","1","0.0","1.0","Yes"
"n hydrogen bonds link the molecules into centrosymmetric dimer","(N hydrogen bonds link the molecules into centrosymmetric dimers.)","10.1107/S010827010803669X","1","0.0","1.0","Yes"
"s and o mdash h.","(S and O mdash H...)","10.1107/S160053681200671X","1","0.0","1.0","Yes"
"n mdash h group and the carbonyl group point approximately in the same directio","(N mdash H group and the carbonyl group point approximately in the same direction.)","10.1107/S1600536812001353","1","0.0","1.0","Yes"
"o and c mdash h.","(O and C mdash H...)","10.1107/S1600536812001353","38","0.0","38.0","Yes"
"o and c mdash h.","(O and C mdash H...)","10.1107/S1600536812004758","38","0.0","38.0","Yes"
"o hydrogen bonds to generate a three-dimensional supramolecular structur","(O hydrogen bonds to generate a three-dimensional supramolecular structure.)","10.1107/S1600536812004758","1","0.0","1.0","Yes"
"o and c mdash h.","(O and C mdash H...)","10.1107/S1600536812006137","38","0.0","38.0","Yes"
"n interactions lead to supramolecular layers in the bc plan","(N interactions lead to supramolecular layers in the bc plane.)","10.1107/S1600536812006137","1","0.0","1.0","Yes"
"n and n mdash h.","(N and N mdash H...)","10.1107/S1600536812003704","8","0.0","8.0","Yes"
"n hydrogen bond exhibits a slightly distorted chair conformatio","(N hydrogen bond exhibits a slightly distorted chair conformation.)","10.1107/S1600536812003674","1","0.0","1.0","Yes"
"o between the two o atoms and the influence of electron delocalizatio","(O between the two O atoms and the influence of electron delocalization.)","10.1107/S1600536812003078","1","0.0","1.0","Yes"
"o hydrogen bonds link the molecules into sheets lying parallel to the bc plan","(O hydrogen bonds link the molecules into sheets lying parallel to the bc plane.)","10.1107/S1600536810043904","1","0.0","1.0","Yes"
"intermolecular pyrimidine ndash pyrimidinone n mdash h.","(In the crystal, intermolecular pyrimidine ndash pyrimidinone N mdash H...)","10.1107/S1600536810040456","1","0.0","1.0","Yes"
"o interactions link the molecules and are effective in the stabilization of the crystal structur","(O interactions link the molecules and are effective in the stabilization of the crystal structure.)","10.1107/S1600536810043795","1","0.0","1.0","Yes"
"n hydrogen bon","(N hydrogen bond.)","10.1107/S0108270197009682","3","0.0","3.0","Yes"
"o hydrogen bon","(O hydrogen bond.)","10.1107/S1600536810038535","11","0.0","11.0","Yes"
"o and o mdash h.","(O and O mdash H...)","10.1107/S1600536810038535","21","0.0","21.0","Yes"
"o hydrogen bonds link the molecules into a three-dimensional networ","(O hydrogen bonds link the molecules into a three-dimensional network.)","10.1107/S1600536810038535","1","0.0","1.0","Yes"
"o hydrogen bon","(O hydrogen bond.)","10.1107/S1600536810042327","11","0.0","11.0","Yes"
"staphylococcus aureus mu50","(SHU)","10.1107/S1399004714023931","1","0.0","1.0","Yes"
"electrophoretic mobility shift assays","(EMSAs)","10.1107/S1399004714023931","1","0.0","1.0","No"
"isothermal titration calorimetry","(ITC)","10.1107/S1399004714023931","1","0.0","1.0","No"
"molecular-dynamics","(MD)","10.1107/S1399004714023931","1","0.0","1.0","No"
"c mdash h.","(C mdash H...)","10.1107/S0108270104026356","8","0.0","8.0","Yes"
"o hydrogen bonds into a three-dimensional supramolecular ne","(O hydrogen bonds into a three-dimensional supramolecular net.)","10.1107/S1600536810041607","1","0.0","1.0","Yes"
"in terms of a regular stacking of `pentasil' layers correlated by inversion centres","(i-type stacking).)","10.1107/S0021889884011845","1","0.0","1.0","Yes"
"oak ridge national laboratory","(ORNL)","10.1107/S0021889811034911","1","0.0","1.0","No"
"f and c mdash h.","(F and C mdash H...)","10.1107/S0108270102000707","2","0.0","2.0","Yes"
"an f atom in the cf3 group is able to compete with a cyano n atom for aromatic h atoms but is less prone to interact with the more acidic methylene h atom","(Apparently, an F atom in the CF3 group is able to compete with a cyano N atom for aromatic H atoms but is less prone to interact with the more acidic methylene H atoms.)","10.1107/S0108270102000707","1","0.0","1.0","Yes"
"o hydrogen bonds link the molecules into centrosymmetric dimer","(O hydrogen bonds link the molecules into centrosymmetric dimers.)","10.1107/S1600536810039449","2","0.0","2.0","Yes"
"o interactions further link the dimers into chains extending in [010","(O interactions further link the dimers into chains extending in [010].)","10.1107/S1600536810039449","1","0.0","1.0","Yes"
"o and o mdash h.","(O and O mdash H...)","10.1107/S1600536810039000","21","0.0","21.0","Yes"
"o hydrogen bondin","(O hydrogen bonding.)","10.1107/S1600536810039000","5","0.0","5.0","Yes"
"o hydrogen bond stabilizes the molecular conformation and intermolecular n mdash h.","(O hydrogen bond stabilizes the molecular conformation and intermolecular N mdash H...)","10.1107/S1600536809000063","1","0.0","1.0","Yes"
"s hydrogen bonds link the molecules into centrosymmetric dimer","(S hydrogen bonds link the molecules into centrosymmetric dimers.)","10.1107/S1600536809000063","1","0.0","1.0","Yes"
"o and c mdash h.","(O and C mdash H...)","10.1107/S1600536808043286","38","0.0","38.0","Yes"
"a proteolytically derived fragment of the enzyme consisting of residues 89 ndash 319 has been shown to retain catalytic activit","(A proteolytically derived fragment of the enzyme consisting of residues 89 ndash 319 has been shown to retain catalytic activity.)","10.1107/S090744499801021X","1","0.0","1.0","Yes"
"a biotin-binding rna pseudoknot developed through in vitro selection has been crystallized using the hanging-drop vapor-phase diffusion metho","(A biotin-binding RNA pseudoknot developed through in vitro selection has been crystallized using the hanging-drop vapor-phase diffusion method.)","10.1107/S0907444998004934","1","0.0","1.0","Yes"
"o hydrogen bonds linking the hydrogen carboxylates into pairs around the inversion centre","(O hydrogen bonds linking the hydrogen carboxylates into pairs around the inversion centres.)","10.1107/S1600536809001093","1","0.0","1.0","Yes"
"o and o mdash h.","(O and O mdash H...)","10.1107/S1600536809001251","21","0.0","21.0","Yes"
"n hydrogen bonds link the molecule","(N hydrogen bonds link the molecules.)","10.1107/S1600536809001251","2","0.0","2.0","Yes"
"c mdash h.","(C mdash H...)","10.1107/S1600536809001251","8","0.0","8.0","Yes"
"higher-order lane-zone","(HOLZ)","10.1107/S0108767396000918","1","0.0","1.0","No"
"convergent-beam electron diffraction","(CBED)","10.1107/S0108767396000918","2","0.5773502691896258","1.6666666666666667","No"
"bovine pancreatic trypsin inhibitor","(BPTI)","10.1107/S0907444998008725","1","0.0","1.0","No"
"o hydrogen bonds into inversion dimer","(O hydrogen bonds into inversion dimers.)","10.1107/S1600536814005352","1","0.0","1.0","Yes"
"n and o mdash h.","(N and O mdash H...)","10.1107/S1600536811035641","6","0.0","6.0","Yes"
"o hydrogen bonds and weak c mdash h.","(O hydrogen bonds and weak C mdash H...)","10.1107/S1600536811034933","3","0.0","3.0","Yes"
"o hydrogen bonds link the cations and anion","(O hydrogen bonds link the cations and anions.)","10.1107/S1600536811038955","1","0.0","1.0","Yes"
"o mdash h.","(O, O mdash H...)","10.1107/S1600536811036774","6","0.0","6.0","Yes"
"o and c mdash h.","(O and C mdash H...)","10.1107/S1600536811036774","38","0.0","38.0","Yes"
"a texture model suitable for use in rietveld-refinement programs is propose","(A texture model suitable for use in Rietveld-refinement programs is proposed.)","10.1107/S0021889892004795","1","0.0","1.0","Yes"
"o and n mdash h.","(O and N mdash H...)","10.1107/S1600536811036191","28","0.0","28.0","Yes"
"intermolecular hydrogen bonding between adjacent urea groups gives rise to infinite polymeric chains diagonally across the bc plan","(In the crystal structure, intermolecular hydrogen bonding between adjacent urea groups gives rise to infinite polymeric chains diagonally across the bc plane.)","10.1107/S1600536811035343","1","0.0","1.0","Yes"
"o hydrogen bonds between the hydroxy and carbonyl groups and the water molecule give rise to a three-dimensional structur","(O hydrogen bonds between the hydroxy and carbonyl groups and the water molecule give rise to a three-dimensional structure.)","10.1107/S1600536811035033","1","0.0","1.0","Yes"
"o and n mdash h.","(O and N mdash H...)","10.1107/S1600536803007633","28","0.0","28.0","Yes"
"289 ndash 293] were already obtained by grimmer in 197","(28, 289 ndash 293] were already obtained by Grimmer in 1979.)","10.1107/S0021889897015057","1","0.0","1.0","Yes"
"a total of about 850 triplet phases have been measured from the tetragonal form of hen egg-white lysozym","(A total of about 850 triplet phases have been measured from the tetragonal form of hen egg-white lysozyme.)","10.1107/S0907444999005338","1","0.0","1.0","Yes"
"characterization of the essential dengue virus ns3 serine protease complexed with a bowman ndash birk-type inhibitor from mung beans are reporte","(Crystallization and preliminary characterization of the essential dengue virus NS3 serine protease complexed with a Bowman ndash Birk-type inhibitor from mung beans are reported.)","10.1107/S0907444999007064","1","0.0","1.0","Yes"
"mouse hepatitis virus","(MHV)","10.1107/S2053230X15007359","1","0.0","1.0","No"
"a rotated-inclined double-crystal x-ray monochromator was designed for high-power undulator beamlines for spring-8 to reduce the impinging radiation power densit","(A rotated-inclined double-crystal X-ray monochromator was designed for high-power undulator beamlines for SPring-8 to reduce the impinging radiation power density.)","10.1107/S0909049597019080","1","0.0","1.0","Yes"
"it is shown that a similar aberration exists also in the case of rotated-inclined monochromators and that as in the inclined case the aberration may also be compensate","(In this paper, it is shown that a similar aberration exists also in the case of rotated-inclined monochromators and that as in the inclined case the aberration may also be compensated.)","10.1107/S0909049597019080","1","0.0","1.0","Yes"
"which made it possible to investigate the specimens without breaking the vacuum of the microscop","(With this microscope, specimens were set in air, which made it possible to investigate the specimens without breaking the vacuum of the microscope.)","10.1107/S0909049597018529","1","0.0","1.0","Yes"
"a new optical system was designed to improve the resolutio","(A new optical system was designed to improve the resolution.)","10.1107/S0909049597018529","1","0.0","1.0","Yes"
"a simple and pragmatic method is suggested to determine the crystallite size distribution in the presence of strai","(A simple and pragmatic method is suggested to determine the crystallite size distribution in the presence of strain.)","10.1107/S0021889801003715","1","0.0","1.0","Yes"
"transmission electron microscopy","(TEM)","10.1107/S0021889801003715","2","0.0","2.0","No"
"o and c mdash h.","(O and C mdash H...)","10.1107/S1600536809003201","38","0.0","38.0","Yes"
"o hydrogen bonds to form chains parallel to the b axi","(O hydrogen bonds to form chains parallel to the b axis.)","10.1107/S1600536809003201","1","0.0","1.0","Yes"
"a short review is given of recent x-ray diffraction studies of the phases and phase transitions of thermotropic liquid crystal","(A short review is given of recent X-ray diffraction studies of the phases and phase transitions of thermotropic liquid crystals.)","10.1107/S0108767304025991","1","0.0","1.0","Yes"
"o hydrogen bonds formed between the coordinating methanol molecule and the phenolate o atom of the chlorobenzene residu","(O hydrogen bonds formed between the coordinating methanol molecule and the phenolate O atom of the chlorobenzene residue.)","10.1107/S160053681200311X","1","0.0","1.0","Yes"
"saturable absorption","(SA)","10.1107/S2053229616006677","1","0.0","1.0","No"
"reverse saturable absorption","(RSA)","10.1107/S2053229616006677","1","0.0","1.0","No"
"s mdash h.","(S, S mdash H...)","10.1107/S1600536811052809","1","0.0","1.0","Yes"
"s interactions link the molecules in the crystal into an infinite three-dimensional networ","(S interactions link the molecules in the crystal into an infinite three-dimensional network.)","10.1107/S1600536802000211","1","0.0","1.0","Yes"
"o to form a layer structur","(O to form a layer structure.)","10.1107/S1600536802002933","1","0.0","1.0","Yes"
"n hydrogen bon","(N hydrogen bond.)","10.1107/S1600536811056194","3","0.0","3.0","Yes"
"o interactions stabilize the molecular structur","(O interactions stabilize the molecular structure.)","10.1107/S1600536801013125","1","0.0","1.0","Yes"
"h mdash o.","(H mdash O...)","10.1107/S0108270104007668","1","0.0","1.0","Yes"
"singular value decomposition","(SVD)","10.1107/S0021889888010817","1","0.0","1.0","No"
"a quasi-harmonic molecular-mean-field model for analyzing anharmonic temperature evolution of anisotropic displacement parameters is describe","(A quasi-harmonic molecular-mean-field model for analyzing anharmonic temperature evolution of anisotropic displacement parameters is described.)","10.1107/S0108767300008734","1","0.0","1.0","Yes"
"o hydrogen bonds to yield sheet-like entitie","(O hydrogen bonds to yield sheet-like entities.)","10.1107/S1600536803011188","1","0.0","1.0","Yes"
"triethanolammonium cation shows a tripodal conformation and the ammonium h atom forms an intramolecular trifurcated hydrogen bond with the o atoms of the three ethanol group","(The triethanolammonium cation shows a tripodal conformation and the ammonium H atom forms an intramolecular trifurcated hydrogen bond with the O atoms of the three ethanol groups.)","10.1107/S1600536803011188","1","0.0","1.0","Yes"
"human respiratory syncytial virus nucleocapsid","(HRSVN)","10.1107/S1744309111029228","1","0.0","1.0","No"
"a new x-ray camera is described in which the sample can be cooled extremely fast to liquid-nitrogen temperatur","(A new X-ray camera is described in which the sample can be cooled extremely fast to liquid-nitrogen temperature.)","10.1107/S0021889873008976","1","0.0","1.0","Yes"
"flock house virus","(FHV)","10.1107/S1744309113024184","1","0.0","1.0","No"
"o and n mdash h.","(O and N mdash H...)","10.1107/S1600536807004758","28","0.0","28.0","Yes"
"o and n mdash h.","(O and N mdash H...)","10.1107/S1600536807004126","28","0.0","28.0","Yes"
"n interactions make chains along [010","(N interactions make chains along [010].)","10.1107/S1600536813033060","1","0.0","1.0","Yes"
"f and c mdash h.","(F and C mdash H...)","10.1107/S1600536813033734","2","0.0","2.0","Yes"
"embryonically lethal abnormal vision","(ELAV)","10.1107/S1744309113023439","1","0.0","1.0","No"
"d with diisopropyl fluorophosphate","(DIP:D)","10.1107/S0907444996012991","1","0.0","1.0","Yes"
"n mdash h.","(N mdash H...)","10.1107/S1600536812003406","10","0.0","10.0","Yes"
"o hydrogen bond and another bifurcated n mdash h.","(O hydrogen bond and another bifurcated N mdash H...)","10.1107/S1600536812003406","1","0.0","1.0","Yes"
"o hydrogen bon","(O hydrogen bond.)","10.1107/S1600536812003406","11","0.0","11.0","Yes"
"o and o mdash h.","(O and O mdash H...)","10.1107/S1600536812003406","21","0.0","21.0","Yes"
"a definition is presented for normalized structure factors of crystals with an incommensurate one-dimensional modulation that can be used in direct-methods procedures for solving the phase problem in x-ray crystallograph","(A definition is presented for normalized structure factors of crystals with an incommensurate one-dimensional modulation that can be used in direct-methods procedures for solving the phase problem in X-ray crystallography.)","10.1107/S0108767394003648","1","0.0","1.0","Yes"
"a phosphorylated thr266 residue was observed that was hypothesized to mimic a covalent pe","(A phosphorylated Thr266 residue was observed that was hypothesized to mimic a covalent pEtN)","10.1107/S1399004714017623","1","0.0","1.0","Yes"
"o hydrogen bonds involving carbonyl and hydroxyl o atom","(O hydrogen bonds involving carbonyl and hydroxyl O atoms.)","10.1107/S010827019809982X","1","0.0","1.0","Yes"
"gcn5-related n-acetyltransferase","(GNAT)","10.1107/S174430910500223X","1","0.0","1.0","Yes"
"i short contact and the crystal packing features c mdash h.","(I short contact and the crystal packing features C mdash H...)","10.1107/S1600536812002255","1","0.0","1.0","Yes"
"o hydrogen bonds link the molecules into chains along [010","(O hydrogen bonds link the molecules into chains along [010].)","10.1107/S1600536812002383","1","0.0","1.0","Yes"
"n and c mdash h.","(N and C mdash H...)","10.1107/S0108270109030339","9","0.0","9.0","Yes"
"o hydrogen bond and three c mdash h.","(O hydrogen bond and three C mdash H...)","10.1107/S0108270109030339","1","0.0","1.0","Yes"
"a combination of x-ray tomography at different wavelengths and x-ray fluorescence analysis was applied in the study of two types of bone tissue changes: prolonged presence in microgravity conditions and age-related bone growt","(A combination of X-ray tomography at different wavelengths and X-ray fluorescence analysis was applied in the study of two types of bone tissue changes: prolonged presence in microgravity conditions and age-related bone growth.)","10.1107/S1600576715006214","1","0.0","1.0","Yes"
"varied-line-spacing","(VLS)","10.1107/S1600577514025260","1","0.0","1.0","No"
"a constant temperature of less than 100 emsp14 k at the crystal position can be maintained for an indefinite period of tim","(A constant temperature of less than 100 emsp14 K at the crystal position can be maintained for an indefinite period of time.)","10.1107/S0021889894006357","1","0.0","1.0","Yes"
"a small heater surrounding the delivery nozzle and another between the sample crystal and the sample support are used to prevent the formation of ic","(A small heater surrounding the delivery nozzle and another between the sample crystal and the sample support are used to prevent the formation of ice.)","10.1107/S0021889894006357","1","0.0","1.0","Yes"
"endoplasmic reticulum","(ER)","10.1107/S0907444911006445","1","0.0","1.0","No"
"unfolded protein response","(UPR)","10.1107/S0907444911006445","1","0.0","1.0","No"
"x-ray absorption and scattering spectroscopies involving the 3d transition-metal k- and l-edges have a long history in studying inorganic and bioinorganic molecule","(X-ray absorption and scattering spectroscopies involving the 3d transition-metal K- and L-edges have a long history in studying inorganic and bioinorganic molecules.)","10.1107/S0909049513003142","1","0.0","1.0","Yes"
"resonant inelastic x-ray scattering","(RIXS)","10.1107/S0909049513003142","1","0.0","1.0","No"
"absorption intensity invariant point","(AIIP)","10.1107/S0909049513009175","1","0.0","1.0","No"
"amplitudes damped due to debye ndash waller factor effects with temperatur","(After the AIIP, amplitudes damped due to Debye ndash Waller factor effects with temperature.)","10.1107/S0909049513009175","1","0.0","1.0","Yes"
"o hydrogen-bonded centrosymmetric dime","(O hydrogen-bonded centrosymmetric dimer.)","10.1107/S1600536807008045","1","0.0","1.0","Yes"
"n and n mdash h.","(N and N mdash H...)","10.1107/S1600536807009051","8","0.0","8.0","Yes"
"a correction is made to a citation in the article by antipov et a","(A correction is made to a citation in the article by Antipov et al.)","10.1107/S1600577516006159","1","0.0","1.0","Yes"
"a reciprocal-space treatment is given of the effects of reflexion averaging on the information available from magnetic neutron powder diagram","(A reciprocal-space treatment is given of the effects of reflexion averaging on the information available from magnetic neutron powder diagrams.)","10.1107/S0567739475001878","1","0.0","1.0","Yes"
"n hydrogen bonds connect the molecules into inversion dimer","(N hydrogen bonds connect the molecules into inversion dimers.)","10.1107/S1600536813023684","1","0.0","1.0","Yes"
"carbamoyl phosphate","(CP)","10.1107/S1744309112031259","1","0.0","1.0","No"
"o hydrogen bonds; an intramolecular c mdash h.","(O hydrogen bonds; an intramolecular C mdash H...)","10.1107/S2414314616001255","1","0.0","1.0","Yes"
"o hydrogen bonds and c mdash h.","(O hydrogen bonds and C mdash H...)","10.1107/S2056989015014917","3","0.0","3.0","Yes"
"o mdash h.","(O mdash H...)","10.1107/S2053229615013303","10","0.0","10.0","Yes"
"pyruvate:ferredoxin oxidoreductase","(PFOR)","10.1107/S0907444999008410","1","0.0","1.0","Yes"
"multiwavelength anomalous dispersion","(MAD)","10.1107/S0907444999008410","1","0.0","1.0","No"
"solvent flattening","(SF)","10.1107/S0907444999008410","1","0.0","1.0","No"
"molecular replacement","(MR)","10.1107/S0907444999008410","1","0.0","1.0","No"
"multiple isomorphous replacement","(MIR)","10.1107/S0907444999008410","1","0.0","1.0","No"
"density averaging","(DA)","10.1107/S0907444999008410","1","0.0","1.0","No"
"real-space refinement","(RSR)","10.1107/S0907444999008410","1","0.0","1.0","No"
"non-crystallographic symmetry","(NCS)","10.1107/S0907444999008410","1","1.0","2.5","No"
"selenomethionyl derivatives permits unambiguous sequence assignment by enabling the placement of the anomalous scatterers","(Se atoms) thus introduced.)","10.1107/S2059798315021580","1","0.0","1.0","Yes"
"a tightly regulated process in which cell-surface transmembrane proteins are internalized from the plasma membrane by incorporation into lipid-enclosed transport vesicle","(AP2 plays a pivotal role in clathrin-mediated endocytosis, a tightly regulated process in which cell-surface transmembrane proteins are internalized from the plasma membrane by incorporation into lipid-enclosed transport vesicles.)","10.1107/S2059798315021580","1","0.0","1.0","Yes"
"a key challenge in the sad phasing method is solving a structure when the anomalous signal-to-noise ratio is lo","(A key challenge in the SAD phasing method is solving a structure when the anomalous signal-to-noise ratio is low.)","10.1107/S2059798315019403","1","0.0","1.0","Yes"
"house dust mite","(HDM)","10.1107/S2053230X1501818X","1","0.0","1.0","No"
"a sluggish transformation is thus found between states of scxti1-xocl that support different kinds of fluctuation","(A sluggish transformation is thus found between states of ScxTi1-xOCl that support different kinds of fluctuations.)","10.1107/S2053273314098167","1","0.0","1.0","Yes"
"mitogen-activated protein","(MAP)","10.1107/S1744309112042972","1","0.0","1.0","No"
"a membrane-deletion construct of the enzyme was designed and expressed in escherichia col","(A membrane-deletion construct of the enzyme was designed and expressed in Escherichia coli.)","10.1107/S1744309112042236","1","0.0","1.0","Yes"
"small-angle x-ray scattering","(SAXS)","10.1107/S1600576714006724","4","0.0","4.0","No"
"wide-angle x-ray diffraction","(WAXD)","10.1107/S1600576714006724","1","0.0","1.0","No"
"these types of measurements have been limited to synchrotron radiatio","(To date, these types of measurements have been limited to synchrotron radiation.)","10.1107/S1600576714006724","1","0.0","1.0","Yes"
"a rotating-anode x-ray generator and multilayer optic are employed to provide a high-flux x-ray bea","(A rotating-anode X-ray generator and multilayer optic are employed to provide a high-flux X-ray beam.)","10.1107/S1600576714006724","1","0.0","1.0","Yes"
"superparamagnetic","(SPM)","10.1107/S1600576714008188","1","0.0","1.0","Yes"
"a specific analysis for powder diffraction data allows estimation of the average size of crystal domain","(A specific analysis for powder diffraction data allows estimation of the average size of crystal domains.)","10.1107/S1600576714005895","1","0.0","1.0","Yes"
"isonicotinylhydrazine","(INH)","10.1107/S2053273314093528","1","0.0","1.0","Yes"
"airwise comparisons of anomalous correlation coefficient","(AnomCC)","10.1107/S2053273314093966","1","0.0","1.0","Yes"
"sad phasing with sulfur","(S-SAD)","10.1107/S2053273314093917","1","0.0","1.0","Yes"
"a thorough analysis of the diffraction data is in progres","(A thorough analysis of the diffraction data is in progress.)","10.1107/S2053273314093917","1","0.0","1.0","Yes"
"a two unit cell molecule centroid distance matrix analysis was used to detect molecular stacking in both structure","(A two unit cell molecule centroid distance matrix analysis was used to detect molecular stacking in both structures.)","10.1107/S2053273314093383","1","0.0","1.0","Yes"
"a related analysis has been applied to flat molecule structures which are stacke","(A related analysis has been applied to flat molecule structures which are stacked.)","10.1107/S2053273314093383","1","0.0","1.0","Yes"
"molecular dynamics","(MD)","10.1107/S205327331409593X","1","0.0","1.0","No"
"hydroxyphenylpyruvate dioxygenase","(HPPD)","10.1107/S2053273314095242","1","0.0","1.0","Yes"
"a non-redundant subset of previously refined structures submitted to the pdb was then analyzed for indications of specific radiation damag","(A non-redundant subset of previously refined structures submitted to the PDB was then analyzed for indications of specific radiation damage.)","10.1107/S205327331409682X","1","0.0","1.0","Yes"
"a challenge in x-ray topo-tomography is the issue of quantitatively determining the 3d-deformation-distribution field associated with single defects of crystal lattice","(A challenge in X-ray topo-tomography is the issue of quantitatively determining the 3D-deformation-distribution field associated with single defects of crystal lattices.)","10.1107/S2053273314088676","1","0.0","1.0","Yes"
"differential scanning calorimetry","(DSC)","10.1107/S2053273314090007","1","0.0","1.0","No"
"thermogravimetric analysis","(TGA)","10.1107/S2053273314090007","2","0.0","2.0","Yes"
"canadian light source","(CLS)","10.1107/S2053273314092067","1","0.0","1.0","No"
"ring-opening polymerization","(ROP)","10.1107/S2053273314090883","1","0.0","1.0","No"
"lithium-ion batteries","(LIB)","10.1107/S2053273314090883","1","0.0","1.0","No"
"pair distribution function","(PDF)","10.1107/S2053273314092602","4","0.0","4.0","No"
"pair distribution function","(PDF)","10.1107/S2053273314091426","4","0.0","4.0","No"
"japan atomic energy agency","(JAEA)","10.1107/S2053273314091311","1","0.0","1.0","No"
"pair distribution function","(PDF)","10.1107/S2053273314091311","4","0.0","4.0","No"
"which enables the loading of high density hydrogen into a clamp with a sample volume suitable for neutron diffraction experiments using the paris-edinburgh press [1","(We have recently developed a hydrogen-compatible gas loader for the Paris-Edinburgh press, which enables the loading of high density hydrogen into a clamp with a sample volume suitable for neutron diffraction experiments using the Paris-Edinburgh press [1].)","10.1107/S2053273314092456","1","0.0","1.0","Yes"
"protein data bank","(PDB)","10.1107/S2053273314085180","1","0.0","1.0","No"
"a 5th histidine that is conserved in the phnz subfamily specifically interacts with the substrate 1-hydroxy","(A 5th histidine that is conserved in the PhnZ subfamily specifically interacts with the substrate 1-hydroxyl.)","10.1107/S205327331408718X","1","0.0","1.0","Yes"
"a method is described which provides phase estimates for structure factor","(A method is described which provides phase estimates for structure factors.)","10.1107/S056773947600003X","1","0.0","1.0","Yes"
"a molecular-replacement solution confirmed that the protein crystallized was indeed e. coli inorganic pyrophosphatase present as a contaminant in the protein preparation used for crystallizatio","(A molecular-replacement solution confirmed that the protein crystallized was indeed E. coli inorganic pyrophosphatase present as a contaminant in the protein preparation used for crystallization.)","10.1107/S0907444904014040","1","0.0","1.0","Yes"
"a monodomain is obtained with the planes perpendicular to the magnetic fiel","(A monodomain is obtained with the planes perpendicular to the magnetic field.)","10.1107/S0567739476000338","1","0.0","1.0","Yes"
"o hydrogen bond and two c mdash h.","(O hydrogen bond and two C mdash H...)","10.1107/S0108270113004551","2","0.0","2.0","Yes"
"n and c mdash h.","(N and C mdash H...)","10.1107/S0108270113004551","9","0.0","9.0","Yes"
"pkc related kinase","(PRK)","10.1107/S2053273314083594","1","0.0","1.0","No"
"protein kinase a","(PKA)","10.1107/S2053273314083594","1","0.0","1.0","No"
"a conceptually simple device has been developed to allow measurements and monitoring of the x-ray wavelength by measuring the transmission of a silicon single crystal wafer in transmissio","(A conceptually simple device has been developed to allow measurements and monitoring of the X-ray wavelength by measuring the transmission of a silicon single crystal wafer in transmission.)","10.1107/S2053273314082394","1","0.0","1.0","Yes"
"a similar device has also recently been developed for polychromatic experiments [1","(A similar device has also recently been developed for polychromatic experiments [1].)","10.1107/S2053273314082394","1","0.0","1.0","Yes"
"a comparison of larger number of high-resolution z-dna structures reveals that the structures can adopt a range of backbone torsion angles between the two values representing the canonical zi and zii types [2","(A comparison of larger number of high-resolution Z-DNA structures reveals that the structures can adopt a range of backbone torsion angles between the two values representing the canonical ZI and ZII types [2].)","10.1107/S2053273314083417","1","0.0","1.0","Yes"
"total reflection high-energy positron diffraction","(TRHEPD)","10.1107/S2053273314083867","1","0.0","1.0","No"
"slow positron facility","(SPF)","10.1107/S2053273314083867","1","0.0","1.0","No"
"time-of-flight","(TOF)","10.1107/S2053273314082606","1","0.0","1.0","No"
"convergent beam electron diffraction","(CBED)","10.1107/S2053273314083764","1","0.5773502691896258","1.6666666666666667","No"
"o and n mdash h.","(O and N mdash H...)","10.1107/S1600536808000810","28","0.0","28.0","Yes"
"it is shown that the results can be clearly explained by a model where the specimen is uniformly bent with a small torsion around the axes parallel to the specimen edge","(In the present paper, it is shown that the results can be clearly explained by a model where the specimen is uniformly bent with a small torsion around the axes parallel to the specimen edges.)","10.1107/S0021889805029985","1","0.0","1.0","Yes"
"n hydrogen bonding exists in both complex molecules but no intermolecular hydrogen bonding is observed in the crystal structur","(N hydrogen bonding exists in both complex molecules but no intermolecular hydrogen bonding is observed in the crystal structure.)","10.1107/S1600536808002900","1","0.0","1.0","Yes"
"n and n mdash h.","(N and N mdash H...)","10.1107/S1600536807067463","8","0.0","8.0","Yes"
"0867 for 4343 unique reflections","(0.0867 for 4343 unique reflections].)","10.1107/S0108768195016259","1","0.0","1.0","Yes"
"o and n mdash h.","(O and N mdash H...)","10.1107/S1600536807067499","28","0.0","28.0","Yes"
"n hydrogen bonds between the h atom of the cis thioamide a","(N hydrogen bonds between the H atom of the cis thioamide and)","10.1107/S1600536807067499","1","0.0","1.0","Yes"
"s hydrogen bonds form centrosymmetric dimers extending along the b axi","(S hydrogen bonds form centrosymmetric dimers extending along the b axis.)","10.1107/S1600536807067499","1","0.0","1.0","Yes"
"pnh2)2+ cation is disordered over two sites by the center of inversion","(pnH2)2+ cation is disordered over two sites by the center of inversion.)","10.1107/S1600536807067153","1","0.0","1.0","Yes"
"noncrystallographic symmetry","(NCS)","10.1107/S2053230X16000923","3","1.0","2.5","Yes"
"a similar determination in the case of germanium confirms that the 442 is mostly due to anharmonic effects at room temperatur","(A similar determination in the case of germanium confirms that the 442 is mostly due to anharmonic effects at room temperature.)","10.1107/S0108767385000952","1","0.0","1.0","Yes"
"n atoms are cis with respect to each other and the azomethine n atoms is trans","(N atoms are cis with respect to each other and the azomethine N atoms is trans).)","10.1107/S1600536807068493","1","0.0","1.0","Yes"
"a beam-stop holder is described that allows for easy removal of the beam stop during alignment and calibration measurements and then for precise repositioning prior to data collectio","(A beam-stop holder is described that allows for easy removal of the beam stop during alignment and calibration measurements and then for precise repositioning prior to data collection.)","10.1107/S0021889899015587","1","0.0","1.0","Yes"
"o hydrogen bonds to form infinite chains along [010","(O hydrogen bonds to form infinite chains along [010].)","10.1107/S2414314616006891","1","0.0","1.0","Yes"
"a microfocused x-ray beam enables the observation of the influence of droplet formation on the nanostructure of a smectic liquid crystal in wate","(A microfocused X-ray beam enables the observation of the influence of droplet formation on the nanostructure of a smectic liquid crystal in water.)","10.1107/S0909049505013580","1","0.0","1.0","Yes"
"c mdash h.","(C mdash H...)","10.1107/S1600536809052118","8","0.0","8.0","Yes"
"o hydrogen bonding consolidates the structur","(O hydrogen bonding consolidates the structure.)","10.1107/S1600536809052118","1","0.0","1.0","Yes"
"n hydrogen bon","(N hydrogen bond.)","10.1107/S160053680905377X","3","0.0","3.0","Yes"
"diaminobithiazole","(DABT)","10.1107/S1600536803019524","1","0.0","1.0","Yes"
"a three-dimensional network is formed by the o mdash h.","(A three-dimensional network is formed by the O mdash H...)","10.1107/S1600536803019846","1","0.0","1.0","Yes"
"o hydrogen bonds between the o atoms of the chelidamate ligand and the aqua ligands and water molecule of crystallizatio","(O hydrogen bonds between the O atoms of the chelidamate ligand and the aqua ligands and water molecule of crystallization.)","10.1107/S1600536803019846","1","0.0","1.0","Yes"
"wide-angle neutron scattering","(WANS)","10.1107/S0021889893008568","1","0.0","1.0","No"
"o hydrogen bonds to form a ribbon structure along [1\overline10","(O hydrogen bonds to form a ribbon structure along [1\overline10].)","10.1107/S1600536803019792","1","0.0","1.0","Yes"
"c mdash h.","(C mdash H...)","10.1107/S1600536808002134","8","0.0","8.0","Yes"
"o interactions link the molecules into a chain and the chains are cross-linked via c mdash h.","(O interactions link the molecules into a chain and the chains are cross-linked via C mdash H...)","10.1107/S1600536808002134","1","0.0","1.0","Yes"
"o hydrogen bon","(O hydrogen bond.)","10.1107/S1600536808002389","11","0.0","11.0","Yes"
"a comparative analysis of the sperm-whale myoglobin structure in the crystal and in solution has been carried out with the technique previously formulated by the authors which uses the large-angle x-ray diffuse scattering for investigating the protein structure in solutio","(A comparative analysis of the sperm-whale myoglobin structure in the crystal and in solution has been carried out with the technique previously formulated by the authors which uses the large-angle X-ray diffuse scattering for investigating the protein structure in solution.)","10.1107/S0021889878013618","1","0.0","1.0","Yes"
"a model in which skeletal spherulites form and then later fill in is consistent with these result","(A model in which skeletal spherulites form and then later fill in is consistent with these results.)","10.1107/S0021889878013862","1","0.0","1.0","Yes"
"o hydrogen bonds and van der waals force","(O hydrogen bonds and van der Waals forces.)","10.1107/S1600536806050185","1","0.0","1.0","Yes"
"o and c mdash h.","(O and C mdash H...)","10.1107/S1600536806049853","38","0.0","38.0","Yes"
"n hydrogen bonds and c mdash h.","(N hydrogen bonds and C mdash H...)","10.1107/S1600536806049853","3","0.0","3.0","Yes"
"o hydrogen bond that forms a centrosymmetric dime","(O hydrogen bond that forms a centrosymmetric dimer.)","10.1107/S1600536806050653","1","0.0","1.0","Yes"
"n hydrogen bonds and weak van der waals interaction","(N hydrogen bonds and weak van der Waals interactions.)","10.1107/S1600536806049713","1","0.0","1.0","Yes"
"o hydrogen bon","(O hydrogen bond.)","10.1107/S1600536806049713","11","0.0","11.0","Yes"
"advanced protein crystallization facility","(APCF)","10.1107/S0907444902014269","1","0.0","1.0","No"
"international space station","(ISS)","10.1107/S0907444902014269","1","0.0","1.0","No"
"o mdash h.","(O mdash H...)","10.1107/S1600536806045697","10","0.0","10.0","Yes"
"n and intermolecular c mdash h.","(N and intermolecular C mdash H...)","10.1107/S1600536806046150","2","0.0","2.0","Yes"
"o and c mdash h.","(O and C mdash H...)","10.1107/S1600536806046150","38","0.0","38.0","Yes"
"a knowledge of these structures contributes to a molecular understanding of the function of this simple iron ndash sulfur electron-transport protei","(A knowledge of these structures contributes to a molecular understanding of the function of this simple iron ndash sulfur electron-transport protein.)","10.1107/S090744490302794X","1","0.0","1.0","Yes"
"n mdash h.","(N mdash H...)","10.1107/S1600536806047246","10","0.0","10.0","Yes"
"o and c mdash h.","(O and C mdash H...)","10.1107/S1600536806047246","38","0.0","38.0","Yes"
"n hydrogen bonds help to consolidate the crystal packin","(N hydrogen bonds help to consolidate the crystal packing.)","10.1107/S1600536806047246","1","0.0","1.0","Yes"
"a three-dimensional supramolecular network is formed by intermolecular hydrogen bond","(A three-dimensional supramolecular network is formed by intermolecular hydrogen bonds.)","10.1107/S1600536806047842","1","0.0","1.0","Yes"
"o hydrogen bonds help to consolidate the crystal structur","(O hydrogen bonds help to consolidate the crystal structure.)","10.1107/S160053680604863X","1","0.0","1.0","Yes"
"s hydrogen bond in the shee","(S hydrogen bond in the sheet.)","10.1107/S1600536806049968","1","0.0","1.0","Yes"
"o hydrogen bon","(O hydrogen bond.)","10.1107/S1600536806048070","11","0.0","11.0","Yes"
"n and c mdash h.","(N and C mdash H...)","10.1107/S1600536806048070","9","0.0","9.0","Yes"
"o hydrogen bonds to form the complete structur","(O hydrogen bonds to form the complete structure.)","10.1107/S1600536806048070","1","0.0","1.0","Yes"
"n and c mdash h.","(N and C mdash H...)","10.1107/S1600536806045247","9","0.0","9.0","Yes"
"n hydrogen bonds and c mdash h.","(N hydrogen bonds and C mdash H...)","10.1107/S1600536806045247","3","0.0","3.0","Yes"
"a means of controlling crystallization is to separate the phases of nucleation and growt","(A means of controlling crystallization is to separate the phases of nucleation and growth.)","10.1107/S0907444902014348","1","0.0","1.0","Yes"
"a simple apparatus for students is described which makes possible the production of stereographic and gnomonic projections by the use of near-spherical masks cut from ping-pong ball","(A simple apparatus for students is described which makes possible the production of stereographic and gnomonic projections by the use of near-spherical masks cut from ping-pong balls.)","10.1107/S0021889868005583","1","0.0","1.0","Yes"
"a formula for the rotatory power dispersion of single-crystal tellurium is presente","(A formula for the rotatory power dispersion of single-crystal tellurium is presented.)","10.1107/S0021889868005595","1","0.0","1.0","Yes"
"a method to extend low-resolution phases has been developed using histogram matching not only of the electron density itself but also of histograms obtained from the different levels of detail provided by the wavelet transform of the electron densit","(A method to extend low-resolution phases has been developed using histogram matching not only of the electron density itself but also of histograms obtained from the different levels of detail provided by the wavelet transform of the electron density.)","10.1107/S0907444900003103","1","0.0","1.0","Yes"
"radiation damage in materials analysed with x-ray diffraction) is a user-friendly graphical program that allows the determination of strain and damage depth profiles in ion-irradiated crystals","(radiation damage in materials analysed with X-ray diffraction) is a user-friendly graphical program that allows the determination of strain and damage depth profiles in ion-irradiated crystals.)","10.1107/S1600576715021019","1","0.0","1.0","Yes"
"o and n mdash h.","(O and N mdash H...)","10.1107/S0108270113001327","28","0.0","28.0","Yes"
"differential thermal analysis","(DTA)","10.1107/S1600576715022062","1","0.0","1.0","No"
"small-angle neutron scattering","(SANS)","10.1107/S1600576715022797","2","0.5773502691896258","1.6666666666666667","No"
"a furnace covering the temperature range from 298 to 1300 emsp14 k has been designed and constructed to study in situ the structural evolution of materials by using synchrotron x-ray microtomograph","(A furnace covering the temperature range from 298 to 1300 emsp14 K has been designed and constructed to study in situ the structural evolution of materials by using synchrotron X-ray microtomography.)","10.1107/S0021889803001158","1","0.0","1.0","Yes"
"o interactions contribute to the crystal packing stabilit","(O interactions contribute to the crystal packing stability.)","10.1107/S1600536807042328","1","0.0","1.0","Yes"
"ultra-small-angle x-ray scattering","(USAXS)","10.1107/S0021889803001730","1","0.0","1.0","No"
"a gas-liquid type transition can be induced when the short-ranged attractive interactions attain sufficient magnitud","(A gas-liquid type transition can be induced when the short-ranged attractive interactions attain sufficient magnitude.)","10.1107/S0021889803001730","1","0.0","1.0","Yes"
"a similar calculation for the analogous sm crystal using synchrotron radiation data gives the phase difference with an average error of 5 deg","(A similar calculation for the analogous Sm crystal using synchrotron radiation data gives the phase difference with an average error of 5 deg .)","10.1107/S0108767385000575","1","0.0","1.0","Yes"
"o hydrogen-bonding interactions link adjacent molecules to form a three-dimensional supramolecular networ","(O hydrogen-bonding interactions link adjacent molecules to form a three-dimensional supramolecular network.)","10.1107/S160053680502934X","1","0.0","1.0","Yes"
"cyclopentadienyl","(Cp)","10.1107/S1600536805029302","1","0.0","1.0","No"
"n mdash h.","(N, N mdash H...)","10.1107/S1600536805029673","5","0.0","5.0","Yes"
"o and n mdash h.","(O and N mdash H...)","10.1107/S1600536805029673","28","0.0","28.0","Yes"
"n and n mdash h.","(N and N mdash H...)","10.1107/S1600536805027388","8","0.0","8.0","Yes"
"n mdash h.","(N mdash H...)","10.1107/S0108270197014960","10","0.0","10.0","Yes"
"o hydrogen bonds create quasiplanar chains of molecules along the y axi","(O hydrogen bonds create quasiplanar chains of molecules along the y axis.)","10.1107/S0108270197014960","1","0.0","1.0","Yes"
"two-phase structure invariants","(TPSI)","10.1107/S0108767391000892","1","0.0","1.0","No"
"s hydrogen bon","(S hydrogen bond.)","10.1107/S1600536811039183","1","0.0","1.0","Yes"
"n hydrogen bond is observed in the catio","(N hydrogen bond is observed in the cation.)","10.1107/S1600536811038657","1","0.0","1.0","Yes"
"s hydrogen bonding between the terminal sulfur atoms of the anion a","(S hydrogen bonding between the terminal sulfur atoms of the anion and)","10.1107/S1600536811038657","1","0.0","1.0","Yes"
"o hydrogen bonds link each of the molecules into centrosymmetric dimer","(O hydrogen bonds link each of the molecules into centrosymmetric dimers.)","10.1107/S1600536811040876","1","0.0","1.0","Yes"
"o hydrogen bonds between methylene groups in the isobutyl substituents and the amide o atom","(O hydrogen bonds between methylene groups in the isobutyl substituents and the amide O atoms.)","10.1107/S1600536811040608","1","0.0","1.0","Yes"
"o hydrogen bonds into a linear chain running along [100","(O hydrogen bonds into a linear chain running along [100].)","10.1107/S1600536811040384","1","0.0","1.0","Yes"
"o hydrogen bonds to form layers parallel to the ab plan","(O hydrogen bonds to form layers parallel to the ab plane.)","10.1107/S1600536805032952","1","0.0","1.0","Yes"
"o hydrogen bon","(O hydrogen bond.)","10.1107/S1600536812033740","11","0.0","11.0","Yes"
"o hydrogen bonds link the molecules into double-stranded chains along the b-axis directio","(O hydrogen bonds link the molecules into double-stranded chains along the b-axis direction.)","10.1107/S1600536812033740","1","0.0","1.0","Yes"
"o hydrogen bonds link the molecules into chain","(O hydrogen bonds link the molecules into chains.)","10.1107/S1600536807038731","1","0.0","1.0","Yes"
"o and c mdash h.","(O and C mdash H...)","10.1107/S1600536812034393","38","0.0","38.0","Yes"
"n and intermolecular c mdash h.","(N and intermolecular C mdash H...)","10.1107/S1600536807043590","2","0.0","2.0","Yes"
"s and c mdash h.","(S and C mdash H...)","10.1107/S1600536807043760","6","0.0","6.0","Yes"
"n mdash h.","(N mdash H...)","10.1107/S1600536807044315","10","0.0","10.0","Yes"
"o and o mdash h.","(O and O mdash H...)","10.1107/S1600536807044315","21","0.0","21.0","Yes"
"o hydrogen-bonding interactions link parallel chains togethe","(O hydrogen-bonding interactions link parallel chains together.)","10.1107/S1600536807044315","1","0.0","1.0","Yes"
"n intramolecular hydrogen bon","(N intramolecular hydrogen bond.)","10.1107/S1600536807044224","1","0.0","1.0","Yes"
"n hydrogen bonds formed between the oxazinic n atom and the solvent water molecul","(N hydrogen bonds formed between the oxazinic N atom and the solvent water molecule.)","10.1107/S1600536812035519","1","0.0","1.0","Yes"
"o and n mdash h.","(O and N mdash H...)","10.1107/S1600536812035854","28","0.0","28.0","Yes"
"o hydrogen-bonding interactions link adjacent molecules into a two-dimensional double layered supramolecular networ","(O hydrogen-bonding interactions link adjacent molecules into a two-dimensional double layered supramolecular network.)","10.1107/S1600536812035854","1","0.0","1.0","Yes"
"o hydrogen bond and two c mdash h.","(O hydrogen bond and two C mdash H...)","10.1107/S1600536807045515","2","0.0","2.0","Yes"
"o and c mdash h.","(O and C mdash H...)","10.1107/S1600536812036409","38","0.0","38.0","Yes"
"o and c mdash h.","(O and C mdash H...)","10.1107/S1600536812036586","38","0.0","38.0","Yes"
"o and o mdash h.","(O and O mdash H...)","10.1107/S1600536807046612","21","0.0","21.0","Yes"
"o and n.","(O and N...)","10.1107/S1600536807046612","1","0.0","1.0","Yes"
"noncrystallographic symmetry","(NCS)","10.1107/S1399004714005318","3","1.0","2.5","Yes"
"grazing-incidence x-ray diffraction","(GIXD)","10.1107/S010876738900824X","1","0.0","1.0","No"
"o interactions in the determination of its general packing properties is discusse","(O interactions in the determination of its general packing properties is discussed.)","10.1107/S0108270104000186","1","0.0","1.0","Yes"
"cd detectors have not been commonly used on rotating-anode x-ray sources for large-molecule crystallograph","(CCD detectors have not been commonly used on rotating-anode X-ray sources for large-molecule crystallography.)","10.1107/S0907444999010689","1","0.0","1.0","Yes"
"o and non-classical c mdash h.","(O and non-classical C mdash H...)","10.1107/S1600536811042632","1","0.0","1.0","Yes"
"o hydrogen bonds into chains along [10\overline{1}","(O hydrogen bonds into chains along [10\overline{1}].)","10.1107/S1600536811042632","1","0.0","1.0","Yes"
"o and c mdash h.","(O and C mdash H...)","10.1107/S1600536811044412","38","0.0","38.0","Yes"
"o and van der waals interaction","(O and van der Waals interactions.)","10.1107/S1600536811041869","1","0.0","1.0","Yes"
"s hydrogen bond","(S hydrogen bonds.)","10.1107/S1600536811041894","3","0.0","3.0","Yes"
"o hydrogen bonds in their crystal","(O hydrogen bonds in their crystals.)","10.1107/S2056989016001833","1","0.0","1.0","Yes"
"o hydrogen bonds and weak c mdash h.","(O hydrogen bonds and weak C mdash H...)","10.1107/S0108270104015549","3","0.0","3.0","Yes"
"o and c mdash h.","(O and C mdash H...)","10.1107/S1600536806026833","38","0.0","38.0","Yes"
"o hydrogen bonds link the molecules into chains parallel to the c axi","(O hydrogen bonds link the molecules into chains parallel to the c axis.)","10.1107/S1600536806026833","1","0.0","1.0","Yes"
"o and n mdash h.","(O and N mdash H...)","10.1107/S1600536806026948","28","0.0","28.0","Yes"
"o and o mdash h.","(O and O mdash H...)","10.1107/S1600536806027425","21","0.0","21.0","Yes"
"n hydrogen bonds involving the water molecules form a chain along the a axi","(N hydrogen bonds involving the water molecules form a chain along the a axis.)","10.1107/S1600536806027425","1","0.0","1.0","Yes"
"n and n mdash n mda","(N and N mdash N mdash)","10.1107/S1600536806028091","1","0.0","1.0","Yes"
"a hadox diffractometer for measuring temperature dependence of lattice constants with a relative accuracy to one part in 107 has been designed and constructe","(A HADOX diffractometer for measuring temperature dependence of lattice constants with a relative accuracy to one part in 107 has been designed and constructed.)","10.1107/S0021889879013017","1","0.0","1.0","Yes"
"o hydrogen bondin","(O hydrogen bonding.)","10.1107/S1600536806025451","5","0.0","5.0","Yes"
"o hydrogen bonds and weak c mdash h.","(O hydrogen bonds and weak C mdash H...)","10.1107/S1600536806028352","3","0.0","3.0","Yes"
"a new gadolinium ytterbium trifluoride has been grown for the first time by the czochralski techniqu","(A new gadolinium ytterbium trifluoride has been grown for the first time by the Czochralski technique.)","10.1107/S0108270110049851","1","0.0","1.0","Yes"
"azadipyrromethene","(ADPM)","10.1107/S2053229614027673","1","0.0","1.0","Yes"
"n hydrogen bondin","(N hydrogen bonding.)","10.1107/S2053229614027673","1","0.0","1.0","Yes"
"o and c mdash h.","(O and C mdash H...)","10.1107/S1600536808041986","38","0.0","38.0","Yes"
"o and o mdash h.","(O and O mdash H...)","10.1107/S1600536808040117","21","0.0","21.0","Yes"
"o hydrogen bonds aris","(O hydrogen bonds arise.)","10.1107/S1600536808040646","1","0.0","1.0","Yes"
"f hydrogen bond reinforces the conformation and the same h atom is also involved in an intermolecular o mdash h.","(F hydrogen bond reinforces the conformation and the same H atom is also involved in an intermolecular O mdash H...)","10.1107/S1600536808040646","1","0.0","1.0","Yes"
"an undulating van der waals gap is found between the layer","(As a result, an undulating van der Waals gap is found between the layers.)","10.1107/S1600536808041585","1","0.0","1.0","Yes"
"a greater than 90% complete native data set has been collected and structure determination using the molecular-replacement method is ongoin","(A greater than 90% complete native data set has been collected and structure determination using the molecular-replacement method is ongoing.)","10.1107/S0907444902022527","1","0.0","1.0","Yes"
"n and n mdash h.","(N and N mdash H...)","10.1107/S1600536810053274","8","0.0","8.0","Yes"
"protein tyrosine phosphatases","(PTPs)","10.1107/S0907444913010457","1","0.0","1.0","No"
"phosphatidylinositide","(PI)","10.1107/S0907444913010457","1","0.0","1.0","Yes"
"o and o mdash h.","(O and O mdash H...)","10.1107/S1600536810049603","21","0.0","21.0","Yes"
"o hydrogen bonds link the molecules into chains extending along the c axi","(O hydrogen bonds link the molecules into chains extending along the c axis.)","10.1107/S1600536810050841","1","0.0","1.0","Yes"
"o and c mdash h.","(O and C mdash H...)","10.1107/S1600536803022372","38","0.0","38.0","Yes"
"o hydrogen bonds together wi","(O hydrogen bonds together with)","10.1107/S1600536808037914","1","0.0","1.0","Yes"
"owater mdash h.","(O, Owater mdash H...)","10.1107/S1600536805012055","1","0.0","1.0","Yes"
"o hydrogen-bonding interactions is responsible for crystal stabilizatio","(O hydrogen-bonding interactions is responsible for crystal stabilization.)","10.1107/S1600536805012055","1","0.0","1.0","Yes"
"o hydrogen bonds and c mdash h.","(O hydrogen bonds and C mdash H...)","10.1107/S1600536808038695","3","0.0","3.0","Yes"
"o mdash h.","(O mdash H...)","10.1107/S1600536805010342","10","0.0","10.0","Yes"
"n and o mdash h.","(N and O mdash H...)","10.1107/S1600536805010342","6","0.0","6.0","Yes"
"o and c mdash h.","(O and C mdash H...)","10.1107/S1600536805010342","38","0.0","38.0","Yes"
"n mdash h.","(N mdash H...)","10.1107/S1600536808035162","10","0.0","10.0","Yes"
"n hydrogen bonds are formed between the amino group and the uncoordinated terminal n atoms of the azide ligand","(N hydrogen bonds are formed between the amino group and the uncoordinated terminal N atoms of the azide ligands.)","10.1107/S1600536808035162","1","0.0","1.0","Yes"
"n and c mdash h.","(N and C mdash H...)","10.1107/S160053680803941X","9","0.0","9.0","Yes"
"o hydrogen bonds and by","(O hydrogen bonds and by  )","10.1107/S160053680803941X","1","0.0","1.0","Yes"
"o and c mdash h.","(O and C mdash H...)","10.1107/S1600536805011086","38","0.0","38.0","Yes"
"o and n mdash h.","(O and N mdash H...)","10.1107/S1600536808036271","28","0.0","28.0","Yes"
"n and c mdash h.","(N and C mdash H...)","10.1107/S1600536808034065","9","0.0","9.0","Yes"
"o and n mdash h.","(O and N mdash H...)","10.1107/S1600536808036301","28","0.0","28.0","Yes"
"diffractometers","(DCDs)","10.1107/S0021889806050813","1","0.0","1.0","Yes"
"ultra-small-angle neutron scattering","(USANS)","10.1107/S0021889806050813","1","0.0","1.0","No"
"small-angle scattering","(SAS)","10.1107/S0021889807003445","1","0.0","1.0","No"
"small-angle x-ray scattering","(SAXS)","10.1107/S0021889806054409","4","0.0","4.0","No"
"s interactions form a zigzag chain running along the b-axis directio","(S interactions form a zigzag chain running along the b-axis direction.)","10.1107/S2056989015010026","1","0.0","1.0","Yes"
"n and two c mdash h.","(N and two C mdash H...)","10.1107/S160053680300134X","1","0.0","1.0","Yes"
"s and c mdash h.","(S and C mdash H...)","10.1107/S2056989015010051","6","0.0","6.0","Yes"
"a third construct containing a polyalanine linker between ctb and mpr proved to stabilize the pentameric form of the protein during purificatio","(A third construct containing a polyalanine linker between CTB and MPR proved to stabilize the pentameric form of the protein during purification.)","10.1107/S2052252514014900","1","0.0","1.0","Yes"
"ligands bridge cdii atoms into polymeric chains along [201","(L) ligands bridge CdII atoms into polymeric chains along [201].)","10.1107/S1600536813010441","1","0.0","1.0","Yes"
"n and o mdash h.","(N and O mdash H...)","10.1107/S1600536813010441","6","0.0","6.0","Yes"
"density functional theory","(DFT)","10.1107/S0108270108003466","2","0.0","2.0","No"
"o and c mdash h.","(O and C mdash H...)","10.1107/S0108270108003466","38","0.0","38.0","Yes"
"a standard sample holder and vial for cryocooled macromolecular crystals has been defined for use with robotic sample changer","(A standard sample holder and vial for cryocooled macromolecular crystals has been defined for use with robotic sample changers.)","10.1107/S0907444906030587","1","0.0","1.0","Yes"
"a datamatrix reader in the sc3 ensures safe management of the sample flow and facilitates fully automatic screening and characterization of sample","(A datamatrix reader in the SC3 ensures safe management of the sample flow and facilitates fully automatic screening and characterization of samples.)","10.1107/S0907444906030587","1","0.0","1.0","Yes"
"x-ray diffraction analysis reveals that the dicyanamide and dafo ligands are bonded to the cu atom to give a distorted octahedral geometr","(X-ray diffraction analysis reveals that the dicyanamide and dafo ligands are bonded to the Cu atom to give a distorted octahedral geometry.)","10.1107/S1600536804008876","1","0.0","1.0","Yes"
"o and c mdash h.","(O and C mdash H...)","10.1107/S1600536804008876","38","0.0","38.0","Yes"
"o hydrogen bon","(O hydrogen bond.)","10.1107/S1600536801000484","11","0.0","11.0","Yes"
"n hydrogen bonds is foun","(N hydrogen bonds is found.)","10.1107/S160053680302556X","1","0.0","1.0","Yes"
"o and c mdash h.","(O and C mdash H...)","10.1107/S1600536803025790","38","0.0","38.0","Yes"
"n mdash h.","(N mdash H...)","10.1107/S0108270196011778","10","0.0","10.0","Yes"
"a simple model of short-range order in the arrangement of the twin boundaries was assumed to generate the nano-twinned structur","(A simple model of short-range order in the arrangement of the twin boundaries was assumed to generate the nano-twinned structure.)","10.1107/S0021889809007171","1","0.0","1.0","Yes"
"electron diffraction patterns","(EDPs)","10.1107/S0021889808042131","1","0.0","1.0","No"
"transmission electron microscopy","(TEM)","10.1107/S0021889808042131","2","0.0","2.0","No"
"high-resolution transmission electron microscopy","(HRTEM)","10.1107/S0021889808042131","1","0.0","1.0","No"
"o and c mdash h.","(O and C mdash H...)","10.1107/S1600536803023997","38","0.0","38.0","Yes"
"a comparison between the resonant scattering curve obtained by anomalous small-angle x-ray scattering at the x-ray absorption edge of ni and the complementary small-angle neutron scattering curve from an al89ni6la5 alloy sample is reporte","(A comparison between the resonant scattering curve obtained by anomalous small-angle X-ray scattering at the X-ray absorption edge of Ni and the complementary small-angle neutron scattering curve from an Al89Ni6La5 alloy sample is reported.)","10.1107/S0021889808042453","1","0.0","1.0","Yes"
"z is benzyloxycarbon","(Z is benzyloxycarbonyl)","10.1107/S2053229614022165","1","0.0","1.0","Yes"
"a survey of a variety of heavy metals suggests that large changes in anomalous scattering near the l absorption edges are quite general and will be of importance in multiple-wavelength phasing of single-crystal protein diffraction pattern","(A survey of a variety of heavy metals suggests that large changes in anomalous scattering near the L absorption edges are quite general and will be of importance in multiple-wavelength phasing of single-crystal protein diffraction patterns.)","10.1107/S0567739480001817","1","0.0","1.0","Yes"
"f prime","(Fe)","10.1107/S0021889894012628","1","0.0","1.0","Yes"
"severe acute respiratory syndrome","(SARS)","10.1107/S0907444903016779","1","0.0","1.0","No"
"a sars-cov whole-genome approach has been developed aimed at determining the crystal structure of all of its proteins or domain","(A SARS-CoV whole-genome approach has been developed aimed at determining the crystal structure of all of its proteins or domains.)","10.1107/S0907444903016779","1","0.0","1.0","Yes"
"o hydrogen bond forms a six-membered ring in the central part of the molecul","(O hydrogen bond forms a six-membered ring in the central part of the molecule.)","10.1107/S1600536804005161","1","0.0","1.0","Yes"
"s and n mdash h.","(S and N mdash H...)","10.1107/S1600536804005161","1","0.0","1.0","Yes"
"o hydrogen bonds along the c axi","(O hydrogen bonds along the c axis.)","10.1107/S1600536804005161","1","0.0","1.0","Yes"
"c mdash h.","(C mdash H...)","10.1107/S0108270198001826","8","0.0","8.0","Yes"
"o mdash h.","(O, O mdash H...)","10.1107/S0108270198001826","6","0.0","6.0","Yes"
"o and n mdash h.","(O and N mdash H...)","10.1107/S0108270198001826","28","0.0","28.0","Yes"
"o intermolecular hydrogen bonds stabilize the crystal structur","(O intermolecular hydrogen bonds stabilize the crystal structure.)","10.1107/S0108270198001826","1","0.0","1.0","Yes"
"pyrroloquinoline quinone","(PQQ)","10.1107/S0907444904026964","1","0.0","1.0","Yes"
"o hydrogen bonds help to consolidate the crystal packin","(O hydrogen bonds help to consolidate the crystal packing.)","10.1107/S1600536805039061","1","0.0","1.0","Yes"
"n mdash h.","(N mdash H...)","10.1107/S1600536812013232","10","0.0","10.0","Yes"
"o and c mdash h.","(O and C mdash H...)","10.1107/S1600536812008367","38","0.0","38.0","Yes"
"o hydrogen bonds into chains propagating along the b-axis directio","(O hydrogen bonds into chains propagating along the b-axis direction.)","10.1107/S1600536812008367","1","0.0","1.0","Yes"
"o and c mdash h.","(O and C mdash H...)","10.1107/S1600536812009002","38","0.0","38.0","Yes"
"o interactions occu","(O interactions occur.)","10.1107/S1600536812012202","1","0.0","1.0","Yes"
"s and c mdash h.","(S and C mdash H...)","10.1107/S1600536812009828","6","0.0","6.0","Yes"
"o and c mdash h.","(O and C mdash H...)","10.1107/S160053681201210X","38","0.0","38.0","Yes"
"equations of state","(EoSs)","10.1107/S1600576716008050","1","0.0","1.0","Yes"
"s hydrogen bonds and one via a pair of n mdash h.","(S hydrogen bonds and one via a pair of N mdash H...)","10.1107/S1600536812008859","1","0.0","1.0","Yes"
"n hydrogen bo","(N hydrogen bond)","10.1107/S1600536805037165","1","0.0","1.0","Yes"
"o and n mdash h.","(O and N mdash H...)","10.1107/S1600536812011592","28","0.0","28.0","Yes"
"f hydrogen bondin","(F hydrogen bonding.)","10.1107/S1600536805038596","1","0.0","1.0","Yes"
"o and two o mdash h.","(O and two O mdash H...)","10.1107/S0108270107044563","1","0.0","1.0","Yes"
"o)2 hydrogen bond","(O)2 hydrogen bond.)","10.1107/S0108270107044563","1","0.0","1.0","Yes"
"a detailed investigation of the crystal packing and intermolecular interactions is presented by means of hirshfeld surface analysi","(A detailed investigation of the crystal packing and intermolecular interactions is presented by means of Hirshfeld surface analysis.)","10.1107/S0108270107044812","1","0.0","1.0","Yes"
"a number of long and short c mdash c bonds are observe","(A number of long and short C mdash C bonds are observed.)","10.1107/S1600536805034732","1","0.0","1.0","Yes"
"n and c mdash h.","(N and C mdash H...)","10.1107/S1600536805036275","9","0.0","9.0","Yes"
"a model of the high-order spop oligomer is presented that depicts a helical organization that could enhance the efficiency of substrate ubiquitinatio","(A model of the high-order SPOP oligomer is presented that depicts a helical organization that could enhance the efficiency of substrate ubiquitination.)","10.1107/S0907444913012687","1","0.0","1.0","Yes"
"o and o mdash h.","(O and O mdash H...)","10.1107/S010827011301559X","21","0.0","21.0","Yes"
"thermogravimetric analysis","(TGA)","10.1107/S0108270113016168","2","0.0","2.0","Yes"
"o contacts combine with weak c mdash h.","(O contacts combine with weak C mdash H...)","10.1107/S0108270113015229","1","0.0","1.0","Yes"
"o and n mdash h.","(O and N mdash H...)","10.1107/S1600536805035075","28","0.0","28.0","Yes"
"hexamethylphosphosphoramide","(HMPA)","10.1107/S1600536805035506","1","0.0","1.0","Yes"
"a simple derivation of the leading asymptotic term of small-angle scattering intensities relevant to anisotropic particulate samples is reporte","(A simple derivation of the leading asymptotic term of small-angle scattering intensities relevant to anisotropic particulate samples is reported.)","10.1107/S0021889802003035","1","0.0","1.0","Yes"
"s interactions is one dimensional in the transverse direction which coincides with the direction of the most developed crystal growt","(S interactions is one dimensional in the transverse direction which coincides with the direction of the most developed crystal growth.)","10.1107/S0108270195010079","1","0.0","1.0","Yes"
"fiber identity periods","(FIP)","10.1107/S0021889881009230","1","0.0","1.0","No"
"x-ray analysis confirmed the configuration of the title n1-alkylated c4-nitroimidazole inhibito","(X-ray analysis confirmed the configuration of the title N1-alkylated C4-nitroimidazole inhibitor.)","10.1107/S0108270195010183","1","0.0","1.0","Yes"
"n hydrogen bond causes inversion of the n16 configuration compared with that of the free sparteine bas","(N hydrogen bond causes inversion of the N16 configuration compared with that of the free sparteine base.)","10.1107/S0108270195011231","1","0.0","1.0","Yes"
"a simple mathematical algorithm is proposed to generate electron-density functions whose fourier amplitudes match the diffraction intensitie","(A simple mathematical algorithm is proposed to generate electron-density functions whose Fourier amplitudes match the diffraction intensities.)","10.1107/S0108767308027554","1","0.0","1.0","Yes"
"carbonyl [et4n]2[tl2fe","(CO)","10.1107/S0108270198099326","1","0.0","1.0","Yes"
"n and o mdash h.","(N and O mdash H...)","10.1107/S0108270198099314","6","0.0","6.0","Yes"
"n hydrogen bond is asymmetric and hydrogen atom is trapped at one of the two nitrogen atom","(N hydrogen bond is asymmetric and hydrogen atom is trapped at one of the two nitrogen atoms.)","10.1107/S0108270198099314","1","0.0","1.0","Yes"
"o hydrogen bond to the terephthalate dianion through the n atom that is not part of a fused rin","(O hydrogen bond to the terephthalate dianion through the N atom that is not part of a fused ring.)","10.1107/S1600536807058916","1","0.0","1.0","Yes"
"n hydrogen bonds connect adjacent molecules to form a zigzag chain parallel to the c axi","(N hydrogen bonds connect adjacent molecules to form a zigzag chain parallel to the c axis.)","10.1107/S1600536807055730","1","0.0","1.0","Yes"
"o and n mdash h.","(O and N mdash H...)","10.1107/S1600536807059909","28","0.0","28.0","Yes"
"o and o mdash h.","(O and O mdash H...)","10.1107/S1600536807055274","21","0.0","21.0","Yes"
"o hydrogen bondin","(O hydrogen bonding.)","10.1107/S1600536807055274","5","0.0","5.0","Yes"
"o and n mdash h.","(O and N mdash H...)","10.1107/S1600536812012640","28","0.0","28.0","Yes"
"o and n mdash h.","(O and N mdash H...)","10.1107/S1600536807053020","28","0.0","28.0","Yes"
"n and n mdash h.","(N and N mdash H...)","10.1107/S1600536812013256","8","0.0","8.0","Yes"
"o hydrogen bonds into chains parallel to the b axi","(O hydrogen bonds into chains parallel to the b axis.)","10.1107/S1600536812013256","1","0.0","1.0","Yes"
"a detailed analysis of a three-beam diffraction dispersion surface is performed to study the forbidden wavefields of thick-crystal bragg reflection","(A detailed analysis of a three-beam diffraction dispersion surface is performed to study the forbidden wavefields of thick-crystal Bragg reflections.)","10.1107/S0108767300013180","1","0.0","1.0","Yes"
"o and c mdash h.","(O and C mdash H...)","10.1107/S1600536807057844","38","0.0","38.0","Yes"
"o and c mdash h.","(O and C mdash H...)","10.1107/S0108270109054602","38","0.0","38.0","Yes"
"n hydrogen bonds link the molecules into chains along the b axi","(N hydrogen bonds link the molecules into chains along the b axis.)","10.1107/S1600536810011098","1","0.0","1.0","Yes"
"proliferating-cell nuclear antigen","(PCNA)","10.1107/S0907444903004815","1","0.0","1.0","No"
"at total absorbed power of 240 emsp14 w)","(at total absorbed power of 240 emsp14 W).)","10.1107/S1600577513033158","1","0.0","1.0","Yes"
"n mdash h.","(N, N mdash H...)","10.1107/S1600536810007919","5","0.0","5.0","Yes"
"o and o mdash h.","(O and O mdash H...)","10.1107/S1600536810007919","21","0.0","21.0","Yes"
"o interactions to the perchlorate anions and c mdash h.","(O interactions to the perchlorate anions and C mdash H...)","10.1107/S1600536810008998","1","0.0","1.0","Yes"
"n interactions to tetrazole n atom","(N interactions to tetrazole N atoms.)","10.1107/S1600536810008998","1","0.0","1.0","Yes"
"o mdash h.","(O, O mdash H...)","10.1107/S1600536810008597","6","0.0","6.0","Yes"
"n and n mdash h.","(N and N mdash H...)","10.1107/S1600536810008597","8","0.0","8.0","Yes"
"o hydrogen-bonded layers of molecules running parallel to the ab plan","(O hydrogen-bonded layers of molecules running parallel to the ab plane.)","10.1107/S1600536810009165","1","0.0","1.0","Yes"
"o and c mdash h.","(O and C mdash H...)","10.1107/S0108270105036942","38","0.0","38.0","Yes"
"small-angle x-ray scattering","(SAXS)","10.1107/S1399004714016678","4","0.0","4.0","No"
"size-exclusion chromatography","(SEC)","10.1107/S1399004714016678","1","0.0","1.0","No"
"o and c mdash h.","(O and C mdash H...)","10.1107/S1600536811027577","38","0.0","38.0","Yes"
"o hydrogen bonds link molecules into chains along the b axi","(O hydrogen bonds link molecules into chains along the b axis.)","10.1107/S1600536811025554","1","0.0","1.0","Yes"
"a version of ki7 exists that is designed for parallel execution on multiprocessor ibm system","(A version of KI7 exists that is designed for parallel execution on multiprocessor IBM systems.)","10.1107/S0021889893006727","1","0.0","1.0","Yes"
"c mdash h.","(C mdash H...)","10.1107/S1600536811030042","8","0.0","8.0","Yes"
"san","(SANS)","10.1107/S0021889888005308","1","0.5773502691896258","1.6666666666666667","Yes"
"sodium dodecyl sulfate","(SDS)","10.1107/S0021889888005308","1","0.0","1.0","No"
